Filename,TemplateCount,SignalAssignArrowCount,VarAssignCount,LessThan,LessEqThan,GreaterThan,GreaterEqThan
./circom-compat/test-vectors/complex-circuit/complex-circuit-10000-10000.circom,1,0,3,0,0,0,0
./circom-compat/test-vectors/nconstraints.circom,1,0,0,0,0,0,0
./circom-compat/test-vectors/circuit2.circom,2,3,2,0,0,0,0
./circom-compat/test-vectors/mycircuit.circom,1,0,0,0,0,0,0
./selective-disclosure-sandbox/zk-smt/circuits/eddsamimc.circom,1,0,2,0,0,0,0
./selective-disclosure-sandbox/zk-smt/circuits/babyjub.circom,4,2,5,0,0,0,0
./selective-disclosure-sandbox/zk-smt/circuits/eddsaposeidon.circom,1,0,2,0,0,0,0
./selective-disclosure-sandbox/zk-smt/circuits/mux1.circom,2,0,0,0,0,0,0
./selective-disclosure-sandbox/zk-smt/circuits/poseidon.circom,7,0,25,0,0,0,0
./selective-disclosure-sandbox/zk-smt/circuits/escalarmulw4table.circom,0,0,11,0,0,0,0
./selective-disclosure-sandbox/zk-smt/circuits/eddsa.circom,1,0,2,0,0,0,0
./selective-disclosure-sandbox/zk-smt/circuits/aliascheck.circom,1,0,0,0,0,0,0
./selective-disclosure-sandbox/zk-smt/circuits/pedersen.circom,3,0,12,0,0,0,0
./selective-disclosure-sandbox/zk-smt/circuits/pointbits.circom,4,1,19,0,0,0,0
./selective-disclosure-sandbox/zk-smt/circuits/montgomery.circom,4,6,22,0,0,0,0
./selective-disclosure-sandbox/zk-smt/circuits/compconstant.circom,1,0,9,0,0,0,0
./selective-disclosure-sandbox/zk-smt/circuits/mux3.circom,2,0,0,0,0,0,0
./selective-disclosure-sandbox/zk-smt/circuits/mux2.circom,2,0,0,0,0,0,0
./selective-disclosure-sandbox/zk-smt/circuits/switcher.circom,1,0,2,0,0,0,0
./selective-disclosure-sandbox/zk-smt/circuits/gates.circom,7,0,6,0,0,0,0
./selective-disclosure-sandbox/zk-smt/circuits/poseidon_constants.circom,0,0,0,0,0,0,0
./selective-disclosure-sandbox/zk-smt/circuits/bitify.circom,5,2,8,0,0,0,0
./selective-disclosure-sandbox/zk-smt/circuits/sha256/sha256compression.circom,1,1,7,0,0,0,0
./selective-disclosure-sandbox/zk-smt/circuits/sha256/xor3.circom,1,0,5,0,0,0,0
./selective-disclosure-sandbox/zk-smt/circuits/sha256/main.circom,1,0,0,0,0,0,0
./selective-disclosure-sandbox/zk-smt/circuits/sha256/shift.circom,1,0,0,0,0,0,0
./selective-disclosure-sandbox/zk-smt/circuits/sha256/sha256_2.circom,1,0,2,0,0,0,0
./selective-disclosure-sandbox/zk-smt/circuits/sha256/t2.circom,1,0,0,0,0,0,0
./selective-disclosure-sandbox/zk-smt/circuits/sha256/t1.circom,1,0,0,0,0,0,0
./selective-disclosure-sandbox/zk-smt/circuits/sha256/ch.circom,1,0,2,0,0,0,0
./selective-disclosure-sandbox/zk-smt/circuits/sha256/rotate.circom,1,0,0,0,0,0,0
./selective-disclosure-sandbox/zk-smt/circuits/sha256/constants.circom,2,0,0,0,0,0,0
./selective-disclosure-sandbox/zk-smt/circuits/sha256/sigma.circom,2,0,0,0,0,0,0
./selective-disclosure-sandbox/zk-smt/circuits/sha256/sha256compression_function.circom,0,0,14,0,0,0,0
./selective-disclosure-sandbox/zk-smt/circuits/sha256/sha256.circom,1,0,1,0,0,0,0
./selective-disclosure-sandbox/zk-smt/circuits/sha256/maj.circom,1,0,5,0,0,0,0
./selective-disclosure-sandbox/zk-smt/circuits/sha256/sigmaplus.circom,1,0,0,0,0,0,0
./selective-disclosure-sandbox/zk-smt/circuits/pedersen_old.circom,1,0,4,0,0,0,0
./selective-disclosure-sandbox/zk-smt/circuits/poseidon_old.circom,4,0,13,0,0,0,0
./selective-disclosure-sandbox/zk-smt/circuits/binsub.circom,1,2,6,0,0,0,0
./selective-disclosure-sandbox/zk-smt/circuits/comparators.circom,8,1,3,5,1,1,1
./selective-disclosure-sandbox/zk-smt/circuits/escalarmul.circom,2,0,4,0,0,0,0
./selective-disclosure-sandbox/zk-smt/circuits/binsum.circom,1,1,9,0,0,0,0
./selective-disclosure-sandbox/zk-smt/circuits/mux4.circom,2,0,0,0,0,0,0
./selective-disclosure-sandbox/zk-smt/circuits/poseidon_constants_old.circom,0,0,0,0,0,0,0
./selective-disclosure-sandbox/zk-smt/circuits/mimcsponge.circom,2,0,7,0,0,0,0
./selective-disclosure-sandbox/zk-smt/circuits/multiplexer.circom,3,2,3,0,0,0,0
./selective-disclosure-sandbox/zk-smt/circuits/mimc.circom,2,0,2,0,0,0,0
./selective-disclosure-sandbox/zk-smt/circuits/smt/smtverifierlevel.circom,1,0,0,0,0,0,0
./selective-disclosure-sandbox/zk-smt/circuits/smt/smthash_mimc.circom,2,0,2,0,0,0,0
./selective-disclosure-sandbox/zk-smt/circuits/smt/smtprocessorlevel.circom,1,0,0,0,0,0,0
./selective-disclosure-sandbox/zk-smt/circuits/smt/smtprocessor.circom,1,0,3,0,0,0,0
./selective-disclosure-sandbox/zk-smt/circuits/smt/smtverifier.circom,1,0,2,0,0,0,0
./selective-disclosure-sandbox/zk-smt/circuits/smt/smtprocessorsm.circom,1,0,14,0,0,0,0
./selective-disclosure-sandbox/zk-smt/circuits/smt/smtlevins.circom,1,0,1,0,0,0,0
./selective-disclosure-sandbox/zk-smt/circuits/smt/smthash_poseidon.circom,2,0,2,0,0,0,0
./selective-disclosure-sandbox/zk-smt/circuits/smt/smtverifiersm.circom,1,0,8,0,0,0,0
./selective-disclosure-sandbox/zk-smt/circuits/escalarmulany.circom,4,0,9,0,0,0,0
./selective-disclosure-sandbox/zk-smt/circuits/escalarmulfix.circom,3,0,12,0,0,0,0
./selective-disclosure-sandbox/zk-smt/circuits/eddsamimcsponge.circom,1,0,2,0,0,0,0
./selective-disclosure-sandbox/zk-smt/circuits/sign.circom,1,0,0,0,0,0,0
./selective-disclosure-sandbox/zk-smt/circuit.circom,1,0,1,0,0,0,0
./circomlib/circuits/eddsamimc.circom,1,0,2,0,0,0,0
./circomlib/circuits/babyjub.circom,4,2,5,0,0,0,0
./circomlib/circuits/eddsaposeidon.circom,1,0,2,0,0,0,0
./circomlib/circuits/mux1.circom,2,0,0,0,0,0,0
./circomlib/circuits/poseidon.circom,7,0,25,0,0,0,0
./circomlib/circuits/escalarmulw4table.circom,0,0,11,0,0,0,0
./circomlib/circuits/eddsa.circom,1,0,2,0,0,0,0
./circomlib/circuits/aliascheck.circom,1,0,0,0,0,0,0
./circomlib/circuits/pedersen.circom,3,0,12,0,0,0,0
./circomlib/circuits/pointbits.circom,4,1,19,0,0,0,0
./circomlib/circuits/montgomery.circom,4,6,22,0,0,0,0
./circomlib/circuits/compconstant.circom,1,0,9,0,0,0,0
./circomlib/circuits/mux3.circom,2,0,0,0,0,0,0
./circomlib/circuits/mux2.circom,2,0,0,0,0,0,0
./circomlib/circuits/switcher.circom,1,0,2,0,0,0,0
./circomlib/circuits/gates.circom,7,0,6,0,0,0,0
./circomlib/circuits/poseidon_constants.circom,0,0,0,0,0,0,0
./circomlib/circuits/bitify.circom,5,2,8,0,0,0,0
./circomlib/circuits/sha256/sha256compression.circom,1,1,7,0,0,0,0
./circomlib/circuits/sha256/xor3.circom,1,0,5,0,0,0,0
./circomlib/circuits/sha256/main.circom,1,0,0,0,0,0,0
./circomlib/circuits/sha256/shift.circom,1,0,0,0,0,0,0
./circomlib/circuits/sha256/sha256_2.circom,1,0,2,0,0,0,0
./circomlib/circuits/sha256/t2.circom,1,0,0,0,0,0,0
./circomlib/circuits/sha256/t1.circom,1,0,0,0,0,0,0
./circomlib/circuits/sha256/ch.circom,1,0,2,0,0,0,0
./circomlib/circuits/sha256/rotate.circom,1,0,0,0,0,0,0
./circomlib/circuits/sha256/constants.circom,2,0,0,0,0,0,0
./circomlib/circuits/sha256/sigma.circom,2,0,0,0,0,0,0
./circomlib/circuits/sha256/sha256compression_function.circom,0,0,14,0,0,0,0
./circomlib/circuits/sha256/sha256.circom,1,0,1,0,0,0,0
./circomlib/circuits/sha256/maj.circom,1,0,5,0,0,0,0
./circomlib/circuits/sha256/sigmaplus.circom,1,0,0,0,0,0,0
./circomlib/circuits/pedersen_old.circom,1,0,4,0,0,0,0
./circomlib/circuits/poseidon_old.circom,4,0,13,0,0,0,0
./circomlib/circuits/binsub.circom,1,2,6,0,0,0,0
./circomlib/circuits/comparators.circom,8,1,3,5,1,1,1
./circomlib/circuits/escalarmul.circom,2,0,4,0,0,0,0
./circomlib/circuits/binsum.circom,1,1,9,0,0,0,0
./circomlib/circuits/mux4.circom,2,0,0,0,0,0,0
./circomlib/circuits/poseidon_constants_old.circom,0,0,0,0,0,0,0
./circomlib/circuits/mimcsponge.circom,2,0,7,0,0,0,0
./circomlib/circuits/multiplexer.circom,3,2,3,0,0,0,0
./circomlib/circuits/mimc.circom,2,0,2,0,0,0,0
./circomlib/circuits/smt/smtverifierlevel.circom,1,0,0,0,0,0,0
./circomlib/circuits/smt/smthash_mimc.circom,2,0,2,0,0,0,0
./circomlib/circuits/smt/smtprocessorlevel.circom,1,0,0,0,0,0,0
./circomlib/circuits/smt/smtprocessor.circom,1,0,3,0,0,0,0
./circomlib/circuits/smt/smtverifier.circom,1,0,2,0,0,0,0
./circomlib/circuits/smt/smtprocessorsm.circom,1,0,14,0,0,0,0
./circomlib/circuits/smt/smtlevins.circom,1,0,1,0,0,0,0
./circomlib/circuits/smt/smthash_poseidon.circom,2,0,2,0,0,0,0
./circomlib/circuits/smt/smtverifiersm.circom,1,0,8,0,0,0,0
./circomlib/circuits/escalarmulany.circom,4,0,9,0,0,0,0
./circomlib/circuits/escalarmulfix.circom,3,0,12,0,0,0,0
./circomlib/circuits/eddsamimcsponge.circom,1,0,2,0,0,0,0
./circomlib/circuits/sign.circom,1,0,0,0,0,0,0
./circomlib/test/circuits/edwards2montgomery.circom,0,0,0,0,0,0,0
./circomlib/test/circuits/poseidon6_test.circom,0,0,0,0,0,0,0
./circomlib/test/circuits/pointbits_loopback.circom,1,0,0,0,0,0,0
./circomlib/test/circuits/mux3_1.circom,2,0,0,0,0,0,0
./circomlib/test/circuits/eddsaposeidon_test.circom,0,0,0,0,0,0,0
./circomlib/test/circuits/babycheck_test.circom,0,0,0,0,0,0,0
./circomlib/test/circuits/montgomerydouble.circom,0,0,0,0,0,0,0
./circomlib/test/circuits/escalarmulw4table.circom,1,0,1,0,0,0,0
./circomlib/test/circuits/montgomery2edwards.circom,0,0,0,0,0,0,0
./circomlib/test/circuits/constants_test.circom,1,0,2,0,0,0,0
./circomlib/test/circuits/eddsamimc_test.circom,0,0,0,0,0,0,0
./circomlib/test/circuits/sha256_2_test.circom,1,0,0,0,0,0,0
./circomlib/test/circuits/aliascheck_test.circom,0,0,0,0,0,0,0
./circomlib/test/circuits/eddsa_test.circom,0,0,0,0,0,0,0
./circomlib/test/circuits/greaterthan.circom,0,0,0,0,0,1,0
./circomlib/test/circuits/sum_test.circom,1,0,0,0,0,0,0
./circomlib/test/circuits/pedersen2_test.circom,1,0,1,0,0,0,0
./circomlib/test/circuits/mux4_1.circom,2,0,0,0,0,0,0
./circomlib/test/circuits/isequal.circom,0,0,0,0,0,0,0
./circomlib/test/circuits/mimc_sponge_test.circom,0,0,0,0,0,0,0
./circomlib/test/circuits/babyadd_tester.circom,0,0,0,0,0,0,0
./circomlib/test/circuits/poseidon3_test.circom,0,0,0,0,0,0,0
./circomlib/test/circuits/escalarmulw4table_test3.circom,1,0,1,0,0,0,0
./circomlib/test/circuits/mux1_1.circom,2,0,0,0,0,0,0
./circomlib/test/circuits/escalarmul_test.circom,1,0,1,0,0,0,0
./circomlib/test/circuits/babypbk_test.circom,0,0,0,0,0,0,0
./circomlib/test/circuits/escalarmulw4table_test.circom,1,0,1,0,0,0,0
./circomlib/test/circuits/smtverifier10_test.circom,0,0,0,0,0,0,0
./circomlib/test/circuits/lessthan.circom,0,0,0,1,0,0,0
./circomlib/test/circuits/escalarmulany_test.circom,1,0,0,0,0,0,0
./circomlib/test/circuits/greatereqthan.circom,0,0,0,0,0,0,1
./circomlib/test/circuits/smtprocessor10_test.circom,0,0,0,0,0,0,0
./circomlib/test/circuits/pedersen_test.circom,1,0,2,0,0,0,0
./circomlib/test/circuits/iszero.circom,0,0,0,0,0,0,0
./circomlib/test/circuits/escalarmul_min_test.circom,1,0,1,0,0,0,0
./circomlib/test/circuits/mux2_1.circom,2,0,0,0,0,0,0
./circomlib/test/circuits/sha256_test448.circom,0,0,0,0,0,0,0
./circomlib/test/circuits/sign_test.circom,0,0,0,0,0,0,0
./circomlib/test/circuits/poseidonex_test.circom,0,0,0,0,0,0,0
./circomlib/test/circuits/montgomeryadd.circom,0,0,0,0,0,0,0
./circomlib/test/circuits/escalarmul_test_min.circom,1,0,1,0,0,0,0
./circomlib/test/circuits/binsub_test.circom,1,0,0,0,0,0,0
./circomlib/test/circuits/mimc_sponge_hash_test.circom,0,0,0,0,0,0,0
./circomlib/test/circuits/lesseqthan.circom,0,0,0,0,1,0,0
./circomlib/test/circuits/mimc_test.circom,0,0,0,0,0,0,0
./circomlib/test/circuits/sha256_test512.circom,0,0,0,0,0,0,0
./circomlib/test/circuits/escalarmulfix_test.circom,1,0,1,0,0,0,0
./circuits/src/rq-tx-verifier.circom,1,0,0,0,0,0,0
./circuits/src/rollup-main.circom,2,0,33,0,0,0,0
./circuits/src/lib/decode-float.circom,2,0,7,0,0,0,0
./circuits/src/lib/utils-bjj.circom,2,0,2,0,0,0,0
./circuits/src/lib/mux256.circom,1,0,9,0,0,0,0
./circuits/src/lib/hash-state.circom,1,0,1,0,0,0,0
./circuits/src/hash-inputs.circom,1,0,38,0,0,0,0
./circuits/src/rollup-tx.circom,1,0,8,0,0,0,0
./circuits/src/compute-fee.circom,1,1,10,0,0,0,0
./circuits/src/withdraw.circom,2,0,20,0,0,0,0
./circuits/src/rollup-tx-states.circom,1,0,2,0,0,0,0
./circuits/src/fee-tx.circom,1,0,1,0,0,0,0
./circuits/src/balance-updater.circom,1,0,1,0,0,0,0
./circuits/src/decode-tx.circom,1,0,33,0,0,0,1
./circuits/src/fee-accumulator.circom,2,0,2,0,0,0,0
./circom-starter/circuits/division.circom,1,3,0,0,0,0,0
./circom-starter/circuits/hash.circom,1,0,0,0,0,0,0
./circom-starter/circuits/simple-polynomial.circom,1,3,0,0,0,0,0
./zkp-fpu/circuits/float_add.circom,18,4,31,10,0,0,0
./zkp-fpu/circuits/example.circom,3,3,7,0,0,0,0
./zkp-fpu/float_add.circom,18,4,31,10,0,0,0
./zkp-fpu/test/circuits/normalize.circom,0,0,0,0,0,0,0
./zkp-fpu/test/circuits/fp64_add.circom,0,0,0,0,0,0,0
./zkp-fpu/test/circuits/check_bit_length.circom,0,0,0,0,0,0,0
./zkp-fpu/test/circuits/left_shift.circom,0,0,0,0,0,0,0
./zkp-fpu/test/circuits/fp32_add.circom,0,0,0,0,0,0,0
./zkp-fpu/test/circuits/right_shift.circom,0,0,0,0,0,0,0
./zkp-fpu/test/circuits/msnzb.circom,0,0,0,0,0,0,0
./circom-farm/circuits/vocdoni-keccak/utils.circom,6,0,4,0,0,0,0
./circom-farm/circuits/vocdoni-keccak/keccak.circom,7,0,3,0,0,0,0
./circom-farm/circuits/vocdoni-keccak/permutations.circom,8,0,57,0,0,0,0
./circom-farm/circuits/keccakn.circom,1,0,0,0,0,0,0
./circom-farm/circuits/multiplier2.circom,2,0,0,0,0,0,0
./circom-farm/circuits/pedersenn.circom,1,0,2,0,0,0,0
./circom-farm/circuits/powerabn.circom,1,0,1,0,0,0,0
./circom-farm/circuits/mimcn.circom,1,0,1,0,0,0,0
./ZK-Decision-Tree-Demo/circuits/realDCT/hashtree.circom,3,0,0,0,0,0,0
./ZK-Decision-Tree-Demo/circuits/realDCT/realADT.circom,2,0,2,1,0,0,0
./ZK-Decision-Tree-Demo/circuits/simpleDCT/simpleDCT.circom,1,0,0,0,0,1,0
./ZK-Decision-Tree-Demo/circuits/utils/mux1.circom,2,0,0,0,0,0,0
./ZK-Decision-Tree-Demo/circuits/utils/aliascheck.circom,1,0,0,0,0,0,0
./ZK-Decision-Tree-Demo/circuits/utils/compconstant.circom,1,0,9,0,0,0,0
./ZK-Decision-Tree-Demo/circuits/utils/mux3.circom,2,0,0,0,0,0,0
./ZK-Decision-Tree-Demo/circuits/utils/mux2.circom,2,0,0,0,0,0,0
./ZK-Decision-Tree-Demo/circuits/utils/switcher.circom,1,0,0,0,0,0,0
./ZK-Decision-Tree-Demo/circuits/utils/bitify.circom,5,2,8,0,0,0,0
./ZK-Decision-Tree-Demo/circuits/utils/comparators.circom,7,1,0,4,1,1,1
./ZK-Decision-Tree-Demo/circuits/utils/binsum.circom,1,1,9,0,0,0,0
./ZK-Decision-Tree-Demo/circuits/utils/mux4.circom,2,0,0,0,0,0,0
./ZK-Decision-Tree-Demo/circuits/utils/mimcsponge.circom,2,0,7,0,0,0,0
./ZK-Decision-Tree-Demo/test-mimc/calculate-mimc.circom,0,0,0,0,0,0,0
./ZKWhisper/circuits/signup.circom,0,0,0,0,0,0,0
./ZKWhisper/circuits/commitment_hasher.circom,1,0,1,0,0,0,0
./ZKWhisper/circuits/login.circom,1,0,11,0,0,0,0
./ZKWhisper/circuits/common.circom,2,0,0,0,0,0,0
./ZKWhisper/circuits/utils/pedersen.circom,1,0,16,0,0,0,0
./ZKWhisper/circuits/utils/montgomery.circom,4,6,22,0,0,0,0
./ZKWhisper/circuits/utils/mux3.circom,1,0,0,0,0,0,0
./ZKWhisper/circuits/utils/mimc5sponge.circom,2,0,5,0,0,0,0
./super-duper-enigma/circuits/sha.circom,3,0,20,0,0,0,0
./super-duper-enigma/circuits/utils.circom,5,9,18,2,0,0,0
./super-duper-enigma/circuits/jwt.circom,1,0,11,0,0,0,0
./super-duper-enigma/circuits/jwt_kid_regex.circom,1,0,55,12,0,0,0
./super-duper-enigma/circuits/sha256partial.circom,1,1,2,0,1,0,0
./super-duper-enigma/circuits/fp.circom,5,2,19,2,0,0,0
./super-duper-enigma/circuits/email.circom,1,0,42,0,0,0,0
./super-duper-enigma/circuits/jwt_exp_regex.circom,1,0,34,4,0,0,0
./super-duper-enigma/circuits/rsa.circom,3,0,32,5,0,0,0
./super-duper-enigma/circuits/sha256general.circom,1,1,3,0,2,1,0
./super-duper-enigma/circuits/jwt_type_regex.circom,1,0,28,0,0,0,0
./super-duper-enigma/circuits/regex_helpers.circom,2,0,7,0,0,0,0
./super-duper-enigma/circuits/body_hash_regex.circom,1,0,218,26,0,0,0
./super-duper-enigma/circuits/base64.circom,2,0,13,3,0,3,0
./super-duper-enigma/circuits/dkim_header_regex.circom,1,0,209,54,0,0,0
./super-duper-enigma/circuits/base64alternative.circom,1,0,2,0,0,0,0
./super-duper-enigma/circuits/jwt_email_regex.circom,1,0,96,36,0,0,0
./super-duper-enigma/circuits/bigint_func.circom,0,0,117,0,0,0,0
./super-duper-enigma/circuits/mimcsponge.circom,2,0,7,0,0,0,0
./super-duper-enigma/circuits/twitter_reset_regex.circom,1,0,74,12,0,0,0
./super-duper-enigma/circuits/bigint.circom,20,20,68,5,0,0,0
./super-duper-enigma/shell_scripts/email.circom,1,0,13,0,0,0,0
./maci/packages/circuits/circom/core/non-qv/processMessages.circom,5,0,50,1,2,0,0
./maci/packages/circuits/circom/core/non-qv/tallyVotes.circom,4,0,16,0,1,0,0
./maci/packages/circuits/circom/core/qv/processMessages.circom,5,0,50,1,2,0,0
./maci/packages/circuits/circom/core/qv/tallyVotes.circom,4,0,20,0,1,0,0
./maci/packages/circuits/circom/trees/incrementalQuinaryTree.circom,9,4,35,4,0,1,0
./maci/packages/circuits/circom/trees/incrementalMerkleTree.circom,7,2,17,3,0,0,0
./maci/packages/circuits/circom/utils/calculateTotal.circom,2,0,1,0,0,0,0
./maci/packages/circuits/circom/utils/non-qv/stateLeafAndBallotTransformer.circom,2,0,1,0,0,0,0
./maci/packages/circuits/circom/utils/non-qv/messageValidator.circom,2,0,1,2,1,0,1
./maci/packages/circuits/circom/utils/verifySignature.circom,3,0,3,0,0,0,0
./maci/packages/circuits/circom/utils/messageToCommand.circom,1,0,7,0,0,0,0
./maci/packages/circuits/circom/utils/qv/stateLeafAndBallotTransformer.circom,2,0,1,0,0,0,0
./maci/packages/circuits/circom/utils/qv/messageValidator.circom,2,0,1,2,2,0,1
./maci/packages/circuits/circom/utils/hashers.circom,3,0,1,0,0,0,0
./maci/packages/circuits/circom/utils/privToPubKey.circom,1,0,3,3,0,0,0
./celer-gnark-circomlib/circuits/eddsamimc.circom,1,0,2,0,0,0,0
./celer-gnark-circomlib/circuits/babyjub.circom,4,2,5,0,0,0,0
./celer-gnark-circomlib/circuits/eddsaposeidon.circom,1,0,2,0,0,0,0
./celer-gnark-circomlib/circuits/mux1.circom,2,0,0,0,0,0,0
./celer-gnark-circomlib/circuits/poseidon.circom,7,0,25,0,0,0,0
./celer-gnark-circomlib/circuits/escalarmulw4table.circom,0,0,11,0,0,0,0
./celer-gnark-circomlib/circuits/eddsa.circom,1,0,2,0,0,0,0
./celer-gnark-circomlib/circuits/aliascheck.circom,1,0,0,0,0,0,0
./celer-gnark-circomlib/circuits/pedersen.circom,3,0,12,0,0,0,0
./celer-gnark-circomlib/circuits/pointbits.circom,4,1,19,0,0,0,0
./celer-gnark-circomlib/circuits/montgomery.circom,4,6,22,0,0,0,0
./celer-gnark-circomlib/circuits/compconstant.circom,1,0,9,0,0,0,0
./celer-gnark-circomlib/circuits/mux3.circom,2,0,0,0,0,0,0
./celer-gnark-circomlib/circuits/mux2.circom,2,0,0,0,0,0,0
./celer-gnark-circomlib/circuits/switcher.circom,1,0,2,0,0,0,0
./celer-gnark-circomlib/circuits/gates.circom,7,0,6,0,0,0,0
./celer-gnark-circomlib/circuits/poseidon_constants.circom,0,0,0,0,0,0,0
./celer-gnark-circomlib/circuits/bitify.circom,5,2,8,0,0,0,0
./celer-gnark-circomlib/circuits/pedersen_old.circom,1,0,4,0,0,0,0
./celer-gnark-circomlib/circuits/poseidon_old.circom,4,0,13,0,0,0,0
./celer-gnark-circomlib/circuits/binsub.circom,1,2,6,0,0,0,0
./celer-gnark-circomlib/circuits/comparators.circom,8,1,3,5,1,1,1
./celer-gnark-circomlib/circuits/escalarmul.circom,2,0,4,0,0,0,0
./celer-gnark-circomlib/circuits/binsum.circom,1,1,9,0,0,0,0
./celer-gnark-circomlib/circuits/mux4.circom,2,0,0,0,0,0,0
./celer-gnark-circomlib/circuits/poseidon_constants_old.circom,0,0,0,0,0,0,0
./celer-gnark-circomlib/circuits/mimcsponge.circom,2,0,7,0,0,0,0
./celer-gnark-circomlib/circuits/multiplexer.circom,3,2,3,0,0,0,0
./celer-gnark-circomlib/circuits/mimc.circom,2,0,2,0,0,0,0
./celer-gnark-circomlib/circuits/escalarmulany.circom,4,0,9,0,0,0,0
./celer-gnark-circomlib/circuits/escalarmulfix.circom,3,0,12,0,0,0,0
./celer-gnark-circomlib/circuits/eddsamimcsponge.circom,1,0,2,0,0,0,0
./celer-gnark-circomlib/circuits/sign.circom,1,0,0,0,0,0,0
./circom-monolith/circuits/utils.circom,9,1,16,0,0,0,0
./circom-monolith/circuits/goldilocks.circom,13,7,25,0,0,0,0
./circom-monolith/circuits/constants.circom,0,0,6,0,0,0,0
./circom-monolith/circuits/monolith.circom,8,0,14,0,0,0,0
./circom-monolith/test/circuits/monolith.test.circom,1,0,1,0,0,0,0
./ZeroSecret/circuits/ecsda-circom/secp256k1.circom,7,4,97,0,0,0,0
./ZeroSecret/circuits/ecsda-circom/vocdoni-keccak/utils.circom,6,0,4,0,0,0,0
./ZeroSecret/circuits/ecsda-circom/vocdoni-keccak/keccak.circom,7,0,3,0,0,0,0
./ZeroSecret/circuits/ecsda-circom/vocdoni-keccak/permutations.circom,8,0,57,0,0,0,0
./ZeroSecret/circuits/ecsda-circom/ecdsa_func.circom,0,0,65536,0,0,0,0
./ZeroSecret/circuits/ecsda-circom/secp256k1_utils.circom,5,2,37,1,0,0,0
./ZeroSecret/circuits/ecsda-circom/bigint_4x64_mult.circom,4,0,17,0,0,0,0
./ZeroSecret/circuits/ecsda-circom/zk-identity/eth.circom,3,0,9,0,0,0,0
./ZeroSecret/circuits/ecsda-circom/eth_addr.circom,1,0,3,0,0,0,0
./ZeroSecret/circuits/ecsda-circom/bigint_func.circom,0,0,118,0,0,0,0
./ZeroSecret/circuits/ecsda-circom/test/sig_verify.circom,0,0,0,0,0,0,0
./ZeroSecret/circuits/ecsda-circom/test/eth_addr.circom,0,0,0,0,0,0,0
./ZeroSecret/circuits/ecsda-circom/ecdsa.circom,3,1,45,0,0,0,0
./ZeroSecret/circuits/ecsda-circom/secp256k1_func.circom,0,0,91,0,0,0,0
./ZeroSecret/circuits/ecsda-circom/eth_addr_2.circom,1,0,3,0,0,0,0
./ZeroSecret/circuits/ecsda-circom/bigint.circom,20,20,69,5,0,0,0
./ZeroSecret/circuits/simple_multiplier/simple_multiplier.circom,1,0,3,0,4,0,4
./ZeroSecret/circuits/sha256/sha256bits2032.circom,1,0,1,0,0,0,0
./ZeroSecret/circuits/zkblind.circom,0,0,0,0,0,0,0
./ZeroSecret/circuits/email-suffix/email-suffix.circom,1,0,8,0,0,0,0
./ZeroSecret/circuits/email-suffix/test/email-suffix.circom,0,0,0,0,0,0,0
./ZeroSecret/circuits/zkblind/zkblind_temp.circom,2,0,3,0,0,0,0
./ZeroSecret/circuits/zkblind/zkblind.circom,1,0,6,0,0,0,0
./ZeroSecret/circuits/zkblind/test/zkbindTest.circom,0,0,0,0,0,0,0
./ZeroSecret/circuits/eff_ecdsa/to_address/vocdoni-keccak/utils.circom,6,0,4,0,0,0,0
./ZeroSecret/circuits/eff_ecdsa/to_address/vocdoni-keccak/keccak.circom,7,0,3,0,0,0,0
./ZeroSecret/circuits/eff_ecdsa/to_address/vocdoni-keccak/permutations.circom,8,0,57,0,0,0,0
./ZeroSecret/circuits/eff_ecdsa/to_address/zk-identity/eth.circom,3,0,9,0,0,0,0
./ZeroSecret/circuits/eff_ecdsa/ecdsa_verify.circom,0,0,0,0,0,0,0
./ZeroSecret/circuits/eff_ecdsa/eff_ecdsa_to_addr.circom,1,0,4,0,0,0,0
./ZeroSecret/circuits/eff_ecdsa/secp256k1/add.circom,2,3,15,0,0,0,0
./ZeroSecret/circuits/eff_ecdsa/secp256k1/mul.circom,2,2,17,0,0,2,1
./ZeroSecret/circuits/eff_ecdsa/secp256k1/double.circom,1,1,0,0,0,0,0
./ZeroSecret/circuits/eff_ecdsa/eff_ecdsa.circom,1,0,5,0,0,0,0
./ZeroSecret/circuits/multiplier2/Multiplier2.circom,1,0,0,0,0,0,0
./zk-ml-applications/circuits/division.circom,4,1,3,4,1,0,0
./zk-ml-applications/circuits/relu.circom,2,0,6,1,0,0,0
./zk-ml-applications/circuits/flatten.circom,1,0,3,0,0,0,0
./zk-ml-applications/circuits/linear.circom,2,0,4,0,0,1,0
./zk-ml-applications/circuits/hotdog_model.circom,2,0,63,0,0,0,0
./zk-ml-applications/circuits/mlp.circom,1,0,10,0,0,0,0
./zk-ml-applications/circuits/add_arrays.circom,1,0,3,0,0,0,0
./zk-ml-applications/circuits/relu_conv.circom,2,0,7,1,0,0,0
./zk-ml-applications/circuits/language_model.circom,2,0,22,0,0,0,0
./zk-ml-applications/circuits/convolution.circom,3,0,15,0,0,0,0
./semaphore-witness-example/src/tree.circom,1,0,3,0,0,0,0
./semaphore-witness-example/src/mux1.circom,2,0,0,0,0,0,0
./semaphore-witness-example/src/poseidon.circom,4,0,13,0,0,0,0
./semaphore-witness-example/src/semaphore.circom,4,0,2,0,0,0,0
./semaphore-witness-example/src/poseidon_constants.circom,0,0,0,0,0,0,0
./ZK-Merkle-Inclusion-Proof/src/circuits/utils.circom,6,0,4,0,0,0,0
./ZK-Merkle-Inclusion-Proof/src/circuits/Concat2Arrays.circom,1,0,2,0,0,0,0
./ZK-Merkle-Inclusion-Proof/src/circuits/Num2Bits.circom,1,1,2,0,0,0,0
./ZK-Merkle-Inclusion-Proof/src/circuits/keccak.circom,7,0,3,0,0,0,0
./ZK-Merkle-Inclusion-Proof/src/circuits/multiplier.circom,1,0,0,0,0,0,0
./ZK-Merkle-Inclusion-Proof/src/circuits/KeccakTest.circom,1,0,0,0,0,0,0
./ZK-Merkle-Inclusion-Proof/src/circuits/permutations.circom,8,0,57,0,0,0,0
./ZK-Merkle-Inclusion-Proof/src/circuits/Bits2Num.circom,1,0,3,0,0,0,0
./ZK-Merkle-Inclusion-Proof/src/circuits/RestoreMerkleRoot/RestoreMerkleRoot.circom,1,0,5,0,0,0,0
./sam-circuits/circuits/circom/vocdoni-keccak/utils.circom,6,0,4,0,0,0,0
./sam-circuits/circuits/circom/vocdoni-keccak/keccak.circom,7,0,3,0,0,0,0
./sam-circuits/circuits/circom/vocdoni-keccak/permutations.circom,8,0,57,0,0,0,0
./sam-circuits/circuits/circom/zk-identity/eth.circom,3,0,9,0,0,0,0
./sam-circuits/circuits/circom/MerkleTree.circom,3,0,2,0,0,0,0
./sam-circuits/circuits/circom/SAM-ECDSA.circom,1,0,1,0,0,0,0
./sam-circuits/circuits/circom/ecdsa/secp256k1.circom,8,4,133,0,0,0,0
./sam-circuits/circuits/circom/ecdsa/ecdsa_func.circom,0,0,65536,0,0,0,0
./sam-circuits/circuits/circom/ecdsa/secp256k1_utils.circom,5,2,37,1,0,0,0
./sam-circuits/circuits/circom/ecdsa/bigint_4x64_mult.circom,4,0,17,0,0,0,0
./sam-circuits/circuits/circom/ecdsa/eth_addr.circom,1,0,3,0,0,0,0
./sam-circuits/circuits/circom/ecdsa/bigint_func.circom,0,0,118,0,0,0,0
./sam-circuits/circuits/circom/ecdsa/ecdsa.circom,3,1,45,0,0,0,0
./sam-circuits/circuits/circom/ecdsa/secp256k1_func.circom,0,0,91,0,0,0,0
./sam-circuits/circuits/circom/ecdsa/bigint.circom,20,20,69,5,0,0,0
./zkMeetUp/circuits/circomlib/eddsamimc.circom,1,0,2,0,0,0,0
./zkMeetUp/circuits/circomlib/babyjub.circom,4,2,5,0,0,0,0
./zkMeetUp/circuits/circomlib/eddsaposeidon.circom,1,0,2,0,0,0,0
./zkMeetUp/circuits/circomlib/mux1.circom,2,0,0,0,0,0,0
./zkMeetUp/circuits/circomlib/poseidon.circom,7,0,25,0,0,0,0
./zkMeetUp/circuits/circomlib/escalarmulw4table.circom,0,0,11,0,0,0,0
./zkMeetUp/circuits/circomlib/eddsa.circom,1,0,2,0,0,0,0
./zkMeetUp/circuits/circomlib/aliascheck.circom,1,0,0,0,0,0,0
./zkMeetUp/circuits/circomlib/pedersen.circom,3,0,12,0,0,0,0
./zkMeetUp/circuits/circomlib/pointbits.circom,4,1,19,0,0,0,0
./zkMeetUp/circuits/circomlib/montgomery.circom,4,6,22,0,0,0,0
./zkMeetUp/circuits/circomlib/compconstant.circom,1,0,9,0,0,0,0
./zkMeetUp/circuits/circomlib/mux3.circom,2,0,0,0,0,0,0
./zkMeetUp/circuits/circomlib/mux2.circom,2,0,0,0,0,0,0
./zkMeetUp/circuits/circomlib/switcher.circom,1,0,2,0,0,0,0
./zkMeetUp/circuits/circomlib/gates.circom,7,0,6,0,0,0,0
./zkMeetUp/circuits/circomlib/poseidon_constants.circom,0,0,0,0,0,0,0
./zkMeetUp/circuits/circomlib/bitify.circom,5,2,8,0,0,0,0
./zkMeetUp/circuits/circomlib/sha256/sha256compression.circom,1,1,7,0,0,0,0
./zkMeetUp/circuits/circomlib/sha256/xor3.circom,1,0,5,0,0,0,0
./zkMeetUp/circuits/circomlib/sha256/main.circom,1,0,0,0,0,0,0
./zkMeetUp/circuits/circomlib/sha256/shift.circom,1,0,0,0,0,0,0
./zkMeetUp/circuits/circomlib/sha256/sha256_2.circom,1,0,2,0,0,0,0
./zkMeetUp/circuits/circomlib/sha256/t2.circom,1,0,0,0,0,0,0
./zkMeetUp/circuits/circomlib/sha256/t1.circom,1,0,0,0,0,0,0
./zkMeetUp/circuits/circomlib/sha256/ch.circom,1,0,2,0,0,0,0
./zkMeetUp/circuits/circomlib/sha256/rotate.circom,1,0,0,0,0,0,0
./zkMeetUp/circuits/circomlib/sha256/constants.circom,2,0,0,0,0,0,0
./zkMeetUp/circuits/circomlib/sha256/sigma.circom,2,0,0,0,0,0,0
./zkMeetUp/circuits/circomlib/sha256/sha256compression_function.circom,0,0,14,0,0,0,0
./zkMeetUp/circuits/circomlib/sha256/sha256.circom,1,0,1,0,0,0,0
./zkMeetUp/circuits/circomlib/sha256/maj.circom,1,0,5,0,0,0,0
./zkMeetUp/circuits/circomlib/sha256/sigmaplus.circom,1,0,0,0,0,0,0
./zkMeetUp/circuits/circomlib/pedersen_old.circom,1,0,4,0,0,0,0
./zkMeetUp/circuits/circomlib/poseidon_old.circom,4,0,13,0,0,0,0
./zkMeetUp/circuits/circomlib/binsub.circom,1,2,6,0,0,0,0
./zkMeetUp/circuits/circomlib/comparators.circom,8,1,3,5,1,1,1
./zkMeetUp/circuits/circomlib/escalarmul.circom,2,0,4,0,0,0,0
./zkMeetUp/circuits/circomlib/binsum.circom,1,1,9,0,0,0,0
./zkMeetUp/circuits/circomlib/mux4.circom,2,0,0,0,0,0,0
./zkMeetUp/circuits/circomlib/poseidon_constants_old.circom,0,0,0,0,0,0,0
./zkMeetUp/circuits/circomlib/mimcsponge.circom,2,0,7,0,0,0,0
./zkMeetUp/circuits/circomlib/multiplexer.circom,3,2,3,0,0,0,0
./zkMeetUp/circuits/circomlib/mimc.circom,2,0,2,0,0,0,0
./zkMeetUp/circuits/circomlib/smt/smtverifierlevel.circom,1,0,0,0,0,0,0
./zkMeetUp/circuits/circomlib/smt/smthash_mimc.circom,2,0,2,0,0,0,0
./zkMeetUp/circuits/circomlib/smt/smtprocessorlevel.circom,1,0,0,0,0,0,0
./zkMeetUp/circuits/circomlib/smt/smtprocessor.circom,1,0,3,0,0,0,0
./zkMeetUp/circuits/circomlib/smt/smtverifier.circom,1,0,2,0,0,0,0
./zkMeetUp/circuits/circomlib/smt/smtprocessorsm.circom,1,0,14,0,0,0,0
./zkMeetUp/circuits/circomlib/smt/smtlevins.circom,1,0,1,0,0,0,0
./zkMeetUp/circuits/circomlib/smt/smthash_poseidon.circom,2,0,2,0,0,0,0
./zkMeetUp/circuits/circomlib/smt/smtverifiersm.circom,1,0,8,0,0,0,0
./zkMeetUp/circuits/circomlib/escalarmulany.circom,4,0,9,0,0,0,0
./zkMeetUp/circuits/circomlib/escalarmulfix.circom,3,0,12,0,0,0,0
./zkMeetUp/circuits/circomlib/eddsamimcsponge.circom,1,0,2,0,0,0,0
./zkMeetUp/circuits/circomlib/sign.circom,1,0,0,0,0,0,0
./zkMeetUp/circuits/devProof/circuit.circom,1,0,0,0,0,0,1
./BattleShipZK/circuits/init.circom,1,0,8,2,0,0,2
./BattleShipZK/circuits/moveA.circom,1,0,11,2,0,0,2
./BattleShipZK/circuits/moveB.circom,1,0,11,2,0,0,2
./springrollup/src/processBatch.circom,1,0,6,0,0,0,0
./springrollup/src/processTransaction.circom,1,0,1,0,0,0,0
./springrollup/src/lib/utils-bjj.circom,2,0,2,0,0,0,0
./springrollup/src/lib/hash-state.circom,1,0,1,0,0,0,0
./springrollup/src/addPendingTransaction.circom,1,0,2,0,0,0,0
./springrollup/src/merkleRoot.circom,1,0,5,0,0,0,0
./springrollup/src/circuit.circom,0,0,0,0,0,0,0
./stark-snark-recursive-proofs/circuits/utils.circom,16,6,44,3,0,0,0
./stark-snark-recursive-proofs/circuits/air/sum.circom,2,0,3,0,0,0,0
./stark-snark-recursive-proofs/circuits/poseidon/poseidon.circom,8,0,52,0,0,0,0
./stark-snark-recursive-proofs/circuits/poseidon/param.circom,0,0,0,0,0,0,0
./stark-snark-recursive-proofs/circuits/fri.circom,8,3,101,2,0,0,0
./stark-snark-recursive-proofs/circuits/verify.circom,1,4,33,0,0,0,0
./stark-snark-recursive-proofs/circuits/merkle.circom,5,0,22,0,0,0,0
./stark-snark-recursive-proofs/circuits/public_coin.circom,2,0,31,0,0,0,0
./stark-snark-recursive-proofs/circuits/ood_consistency_check.circom,2,4,11,0,0,0,0
./stark-snark-recursive-proofs/back_circuits/air/sum.circom,3,0,4,0,0,0,0
./stark-snark-recursive-proofs/back_circuits/poseidon/poseidon.circom,8,0,52,0,0,0,0
./stark-snark-recursive-proofs/back_circuits/poseidon/param.circom,0,0,0,0,0,0,0
./stark-snark-recursive-proofs/back_circuits/fri.circom,1,2,64,2,0,0,0
./stark-snark-recursive-proofs/back_circuits/verify.circom,1,4,35,0,0,0,0
./stark-snark-recursive-proofs/back_circuits/utils/arithmetic.circom,1,2,0,1,0,0,0
./stark-snark-recursive-proofs/back_circuits/utils/duplicates.circom,3,2,20,1,0,0,0
./stark-snark-recursive-proofs/back_circuits/utils/assertions.circom,6,2,24,6,0,0,0
./stark-snark-recursive-proofs/back_circuits/utils/powers.circom,2,0,5,0,0,0,0
./stark-snark-recursive-proofs/back_circuits/utils/arrays.circom,4,0,11,0,0,0,0
./stark-snark-recursive-proofs/back_circuits/utils/comparators.circom,4,1,2,1,0,0,0
./stark-snark-recursive-proofs/back_circuits/utils/bits.circom,2,1,6,0,0,0,0
./stark-snark-recursive-proofs/back_circuits/utils/polynoms.circom,5,1,34,0,0,0,0
./stark-snark-recursive-proofs/back_circuits/merkle.circom,5,0,22,0,0,0,0
./stark-snark-recursive-proofs/back_circuits/public_coin.circom,2,0,32,0,0,0,0
./stark-snark-recursive-proofs/back_circuits/ood_consistency_check.circom,2,4,17,0,0,0,0
./private-dao-circuits/src/tally-contribution.circom,0,0,0,0,0,0,0
./private-dao-circuits/src/libs/reveal-contribution.circom,3,3,22,0,0,0,0
./private-dao-circuits/src/libs/elgamal.circom,2,0,13,0,0,0,0
./private-dao-circuits/src/libs/poseidon.circom,4,0,13,0,0,0,0
./private-dao-circuits/src/libs/poseidon_constants.circom,0,0,0,0,0,0,0
./private-dao-circuits/src/libs/merkle-tree.circom,4,0,2,0,0,0,0
./private-dao-circuits/src/round-2-contribution.circom,2,2,16,0,0,0,0
./private-dao-circuits/src/fund.circom,3,1,14,0,0,0,0
./private-dao-circuits/src/hash-left-right.circom,1,0,0,0,0,0,0
./private-dao-circuits/src/result-verifier.circom,3,6,46,0,0,0,0
./private-dao-circuits/src/vote.circom,3,0,11,0,0,0,0
./private-dao-circuits/src/multiple-leaves-insert.circom,1,3,12,0,0,0,0
./abdk-libraries-circom/base/assert/assert.circom,0,0,2,0,0,0,0
./abdk-libraries-circom/base/constant/maxSignalWidth.circom,0,0,0,0,0,0,0
./abdk-libraries-circom/base/constant/maxSignal.circom,0,0,0,0,0,0,0
./abdk-libraries-circom/base/compare/IsNonZero.circom,1,1,0,0,0,0,0
./abdk-libraries-circom/base/compare/CheckZero.circom,1,0,0,0,0,0,0
./abdk-libraries-circom/base/compare/CheckNotEqual.circom,1,0,0,0,0,0,0
./abdk-libraries-circom/base/compare/IsNotEqual.circom,1,0,0,0,0,0,0
./abdk-libraries-circom/base/compare/CheckNonZero.circom,1,1,0,0,0,0,0
./abdk-libraries-circom/base/compare/IsEqual.circom,1,0,0,0,0,0,0
./abdk-libraries-circom/base/compare/IsZero.circom,1,1,0,0,0,0,0
./abdk-libraries-circom/base/compare/CheckEqual.circom,1,0,0,0,0,0,0
./abdk-libraries-circom/base/binary/BinaryCompare.circom,1,0,1,0,0,0,0
./abdk-libraries-circom/base/binary/BinarySubtractConstant.circom,1,0,9,0,0,0,0
./abdk-libraries-circom/base/binary/BinaryNegate.circom,1,0,2,0,0,0,0
./abdk-libraries-circom/base/binary/FromBinary.circom,1,0,2,0,0,0,0
./abdk-libraries-circom/base/binary/BinarySubtract.circom,1,0,9,0,0,0,0
./abdk-libraries-circom/base/binary/BinaryAdd.circom,1,2,10,0,0,0,0
./abdk-libraries-circom/base/binary/BinaryAddConstant.circom,1,0,9,0,0,0,0
./abdk-libraries-circom/base/binary/ToBinary.circom,1,1,4,0,0,0,0
./abdk-libraries-circom/base/binary/BinaryResizeUnsigned.circom,1,0,5,0,0,0,0
./abdk-libraries-circom/base/binary/BinaryResizeSigned.circom,1,0,5,0,0,0,0
./abdk-libraries-circom/base/binary/BinaryMultiplexor.circom,1,0,3,0,0,0,0
./abdk-libraries-circom/base/binary/BinarySubtractFromConstant.circom,1,0,9,0,0,0,0
./abdk-libraries-circom/base/binary/BinaryCompareConstant.circom,1,0,1,0,0,0,0
./abdk-libraries-circom/base/field/FieldDivide.circom,1,1,0,0,0,0,0
./abdk-libraries-circom/base/field/FieldSqrt.circom,1,1,13,0,0,0,0
./abdk-libraries-circom/base/field/FieldDivideByConstant.circom,1,0,0,0,0,0,0
./abdk-libraries-circom/base/field/FieldDivideConstant.circom,1,1,0,0,0,0,0
./abdk-libraries-circom/base/utils/max.circom,0,0,0,0,0,0,0
./abdk-libraries-circom/base/utils/signalWidth.circom,0,0,1,0,0,0,0
./abdk-libraries-circom/base/utils/min.circom,0,0,0,0,0,0,0
./abdk-libraries-circom/base/bit/BitXnor.circom,1,0,0,0,0,0,0
./abdk-libraries-circom/base/bit/BitNimplies.circom,1,0,0,0,0,0,0
./abdk-libraries-circom/base/bit/BitAnd.circom,1,0,0,0,0,0,0
./abdk-libraries-circom/base/bit/BitNand.circom,1,0,0,0,0,0,0
./abdk-libraries-circom/base/bit/BitImplies.circom,1,0,0,0,0,0,0
./abdk-libraries-circom/base/bit/CheckBit.circom,1,0,0,0,0,0,0
./abdk-libraries-circom/base/bit/InvertBit.circom,1,0,0,0,0,0,0
./abdk-libraries-circom/base/bit/BitNor.circom,1,0,0,0,0,0,0
./abdk-libraries-circom/base/bit/IsBit.circom,1,0,0,0,0,0,0
./abdk-libraries-circom/base/bit/BitOr.circom,1,0,0,0,0,0,0
./abdk-libraries-circom/base/bit/BitXor.circom,1,0,0,0,0,0,0
./zvm/src/circuits/transfer-asset.circom,1,0,0,0,0,0,0
./zvm/src/circuits/vm.circom,1,0,22,0,0,0,0
./zkSNARK-voting_system/voting_System/MerkleCheck.circom,1,0,1,0,0,0,0
./zkSNARK-voting_system/voting_System/HashCheck.circom,1,0,0,0,0,0,0
./zkSNARK-voting_system/voting_System/HasNotVotedBefore.circom,1,0,1,0,0,0,0
./zkSNARK-voting_system/voting_System/IsRegistered.circom,1,0,1,0,0,0,0
./Oraisan-Circuit-Demo/electron-labs/utils.circom,0,0,83,0,0,0,0
./Oraisan-Circuit-Demo/electron-labs/chunkedmul.circom,2,3,20,3,0,0,0
./Oraisan-Circuit-Demo/electron-labs/inversemodulo.circom,4,0,3,0,0,0,0
./Oraisan-Circuit-Demo/electron-labs/modulus.circom,6,0,63,0,0,0,0
./Oraisan-Circuit-Demo/electron-labs/point-addition.circom,2,0,0,0,0,0,0
./Oraisan-Circuit-Demo/electron-labs/chunkedadd.circom,2,6,15,4,0,0,0
./Oraisan-Circuit-Demo/electron-labs/modinv.circom,1,1,8,1,0,0,0
./Oraisan-Circuit-Demo/electron-labs/pMul1/pMul1.circom,1,0,1,0,0,0,0
./Oraisan-Circuit-Demo/electron-labs/pointcompress.circom,1,1,1,0,0,0,0
./Oraisan-Circuit-Demo/electron-labs/chunkify.circom,1,0,6,0,0,0,0
./Oraisan-Circuit-Demo/electron-labs/scalarmul.circom,3,0,3,0,0,0,0
./Oraisan-Circuit-Demo/electron-labs/chunkedsub.circom,3,0,2,2,0,0,0
./Oraisan-Circuit-Demo/electron-labs/addRH/addRH.circom,1,0,2,0,0,0,0
./Oraisan-Circuit-Demo/electron-labs/binadd.circom,5,4,2,0,0,0,0
./Oraisan-Circuit-Demo/electron-labs/verify.circom,4,0,20,0,0,0,0
./Oraisan-Circuit-Demo/electron-labs/binsub.circom,1,0,0,0,0,0,0
./Oraisan-Circuit-Demo/electron-labs/test/compress/pointcompress_test.circom,1,1,2,0,0,0,0
./Oraisan-Circuit-Demo/electron-labs/test/verify/verifier_test.circom,2,0,12,0,0,0,0
./Oraisan-Circuit-Demo/electron-labs/binmul.circom,1,0,6,0,0,0,0
./Oraisan-Circuit-Demo/electron-labs/lt.circom,2,2,0,4,0,0,0
./Oraisan-Circuit-Demo/electron-labs/batchverify.circom,1,0,1,0,0,0,0
./Oraisan-Circuit-Demo/src/transaction/transactioneth/verifyRootDeposit/rootdepositverifier.circom,1,0,10,0,0,0,0
./Oraisan-Circuit-Demo/src/transaction/transactioneth/verifyClaimTransaction/verifyclaimtransaction.circom,1,0,1,0,0,0,0
./Oraisan-Circuit-Demo/src/transaction/transactioncosmos/verifyRootBatchTxsCosmos/verifyrootbatchtxscosmos.circom,1,0,3,0,0,0,0
./Oraisan-Circuit-Demo/src/block/validatorSet/validatorsRight/verifyvalidatorsright21.circom,1,0,19,0,0,0,0
./Oraisan-Circuit-Demo/src/block/validatorSet/validatorsLeft/verifyvalidatorsleft32.circom,1,0,14,0,0,0,0
./Oraisan-Circuit-Demo/src/block/validatorSet/validators/verifyvalidators53.circom,1,0,13,0,0,0,0
./Oraisan-Circuit-Demo/src/block/header/verifyBlockHash.circom,1,0,3,0,0,0,0
./Oraisan-Circuit-Demo/src/block/header/dataAndValidators/verifydavhash.circom,1,0,8,0,0,0,0
./Oraisan-Circuit-Demo/src/block/signature/verifySignatures.circom,1,0,9,0,0,0,0
./Oraisan-Circuit-Demo/src/block/testnet/verifyblockheader.circom,1,0,16,0,0,0,0
./Oraisan-Circuit-Demo/src/libs/transaction/txData/encodeSignatures/signaturesencode.circom,3,0,17,0,0,0,0
./Oraisan-Circuit-Demo/src/libs/transaction/txData/encodeTxBody/txbodyencode.circom,2,0,20,0,0,0,0
./Oraisan-Circuit-Demo/src/libs/transaction/txData/encodeTxBody/test/test_encodetxbody.circom,1,0,9,0,0,0,0
./Oraisan-Circuit-Demo/src/libs/transaction/txData/encodeTxBody/encodeTxMessage/test/test_txmessageencode.circom,1,0,9,0,0,0,0
./Oraisan-Circuit-Demo/src/libs/transaction/txData/encodeTxBody/encodeTxMessage/txmessageencode.circom,4,0,52,0,0,0,0
./Oraisan-Circuit-Demo/src/libs/transaction/txData/test/test_transactionencode.circom,4,0,46,0,0,0,0
./Oraisan-Circuit-Demo/src/libs/transaction/txData/encodeTxAuthInfo/txauthinfoencode.circom,2,0,24,0,0,0,0
./Oraisan-Circuit-Demo/src/libs/transaction/txData/encodeTxAuthInfo/encodeFee/encodeAmount/amountencode.circom,2,0,30,0,0,0,0
./Oraisan-Circuit-Demo/src/libs/transaction/txData/encodeTxAuthInfo/encodeFee/encodeGasLimit/gaslimitencode.circom,1,0,4,0,0,0,0
./Oraisan-Circuit-Demo/src/libs/transaction/txData/encodeTxAuthInfo/encodeFee/encodeGasLimit/test/test_gaslimitencode.circom,1,0,2,0,0,0,0
./Oraisan-Circuit-Demo/src/libs/transaction/txData/encodeTxAuthInfo/encodeFee/test/test_encodefee.circom,2,0,14,0,0,0,0
./Oraisan-Circuit-Demo/src/libs/transaction/txData/encodeTxAuthInfo/encodeFee/feeencode.circom,1,0,15,0,0,0,0
./Oraisan-Circuit-Demo/src/libs/transaction/txData/encodeTxAuthInfo/encodeSignerInfo/encodePublicKey/publickeyencode.circom,4,0,22,0,0,0,0
./Oraisan-Circuit-Demo/src/libs/transaction/txData/encodeTxAuthInfo/encodeSignerInfo/encodeSequence/test/test_encodesequence.circom,1,0,2,0,0,0,0
./Oraisan-Circuit-Demo/src/libs/transaction/txData/encodeTxAuthInfo/encodeSignerInfo/encodeSequence/sequenceencode.circom,1,0,3,0,0,0,0
./Oraisan-Circuit-Demo/src/libs/transaction/txData/encodeTxAuthInfo/encodeSignerInfo/test/test_signerinfoencode.circom,1,0,5,0,0,0,0
./Oraisan-Circuit-Demo/src/libs/transaction/txData/encodeTxAuthInfo/encodeSignerInfo/encodeModeInfo/modeinfoencode.circom,4,0,16,0,0,0,0
./Oraisan-Circuit-Demo/src/libs/transaction/txData/encodeTxAuthInfo/encodeSignerInfo/signerinfoencode.circom,3,0,31,0,0,0,0
./Oraisan-Circuit-Demo/src/libs/transaction/txData/encodeTxAuthInfo/test/test_txauthinfoencode.circom,1,0,13,0,0,0,0
./Oraisan-Circuit-Demo/src/libs/transaction/txData/encodetx.circom,2,0,44,0,0,0,0
./Oraisan-Circuit-Demo/src/libs/transaction/newtransaction.circom,1,0,2,0,0,0,0
./Oraisan-Circuit-Demo/src/libs/transaction/calculatetransactionhash.circom,2,0,40,0,0,0,0
./Oraisan-Circuit-Demo/src/libs/transaction/newbatchtransaction.circom,2,0,7,0,0,0,0
./Oraisan-Circuit-Demo/src/libs/transaction/test/test_fmt.circom,1,0,6,0,0,0,0
./Oraisan-Circuit-Demo/src/libs/transaction/calculatedatahash.circom,1,0,10,0,0,0,0
./Oraisan-Circuit-Demo/src/libs/sha/sha256prepared.circom,3,0,14,0,0,0,0
./Oraisan-Circuit-Demo/src/libs/sha/sha256standard.circom,1,0,7,0,0,0,0
./Oraisan-Circuit-Demo/src/libs/sha/sha512prepared.circom,3,0,14,0,0,0,0
./Oraisan-Circuit-Demo/src/libs/AVL_Tree/avlverifierlevel.circom,1,0,3,0,0,0,0
./Oraisan-Circuit-Demo/src/libs/AVL_Tree/test/test_avltree.circom,5,0,25,0,0,0,0
./Oraisan-Circuit-Demo/src/libs/AVL_Tree/avlverifier.circom,2,0,22,0,0,0,0
./Oraisan-Circuit-Demo/src/libs/AVL_Tree/avlhash.circom,3,0,7,0,0,0,0
./Oraisan-Circuit-Demo/src/libs/block/calculateblockhash.circom,2,0,13,0,0,0,0
./Oraisan-Circuit-Demo/src/libs/block/hashblockelements.circom,5,0,29,0,0,0,0
./Oraisan-Circuit-Demo/src/libs/block/test/test_hashblock.circom,0,0,0,0,0,0,0
./Oraisan-Circuit-Demo/src/libs/utils/shiftbytes.circom,3,0,27,0,2,0,0
./Oraisan-Circuit-Demo/src/libs/utils/string.circom,7,0,52,1,0,0,3
./Oraisan-Circuit-Demo/src/libs/utils/fieldsencode.circom,3,0,4,0,0,0,0
./Oraisan-Circuit-Demo/src/libs/utils/convert.circom,8,0,15,0,0,0,0
./Oraisan-Circuit-Demo/src/libs/utils/filedsblockheaderencode.circom,7,0,16,0,0,0,0
./Oraisan-Circuit-Demo/src/libs/utils/address.circom,2,0,4,0,0,0,0
./Oraisan-Circuit-Demo/src/libs/utils/test/test_shift.circom,5,0,10,0,0,0,0
./Oraisan-Circuit-Demo/src/libs/utils/filedsmsgheaderencode.circom,5,0,10,0,0,0,0
./Oraisan-Circuit-Demo/src/libs/validators/msgheaderencode.circom,2,0,21,0,0,0,0
./Oraisan-Circuit-Demo/src/libs/validators/validatorhash.circom,4,0,23,0,0,0,0
./Oraisan-Circuit-Demo/src/libs/validators/verify.circom,5,0,44,0,0,0,0
./Oraisan-Circuit-Demo/src/libs/validators/test/test_vp.circom,7,0,47,0,0,0,0
./Oraisan-Circuit-Demo/src/libs/validators/votingpower.circom,2,0,5,0,0,1,0
./Oraisan-Circuit-Demo/src/libs/validators/signaturesverifier.circom,1,0,9,0,1,0,1
./Oraisan-Circuit-Demo/src/libs/Fixed_Merkle_Tree/fmtverifier.circom,2,0,11,0,0,0,0
./Oraisan-Circuit-Demo/src/libs/Fixed_Merkle_Tree/fmthash.circom,2,0,1,0,0,0,0
./Oraisan-Circuit-Demo/src/libs/Fixed_Merkle_Tree/test/test_fmt.circom,3,0,2,0,0,0,0
./circom_rps/RPS.circom,1,2,5,1,0,0,0
./circomlib-ml/circuits/circomlib/babyjub.circom,4,2,5,0,0,0,0
./circomlib-ml/circuits/circomlib/aliascheck.circom,1,0,0,0,0,0,0
./circomlib-ml/circuits/circomlib/montgomery.circom,4,6,22,0,0,0,0
./circomlib-ml/circuits/circomlib/compconstant.circom,1,0,9,0,0,0,0
./circomlib-ml/circuits/circomlib/mux3.circom,2,0,0,0,0,0,0
./circomlib-ml/circuits/circomlib/switcher.circom,1,0,2,0,0,0,0
./circomlib-ml/circuits/circomlib/bitify.circom,5,2,8,0,0,0,0
./circomlib-ml/circuits/circomlib/comparators.circom,8,1,3,5,1,1,1
./circomlib-ml/circuits/circomlib/binsum.circom,1,1,9,0,0,0,0
./circomlib-ml/circuits/circomlib/mimc.circom,2,0,2,0,0,0,0
./circomlib-ml/circuits/circomlib/escalarmulany.circom,4,0,9,0,0,0,0
./circomlib-ml/circuits/circomlib/escalarmulfix.circom,3,0,12,0,0,0,0
./circomlib-ml/circuits/circomlib/sign.circom,1,0,0,0,0,0,0
./circomlib-ml/circuits/SeparableConv2D.circom,1,0,2,0,0,0,0
./circomlib-ml/circuits/Conv2Dsame.circom,1,0,25,0,0,0,0
./circomlib-ml/circuits/Zigmoid.circom,1,0,2,0,0,0,0
./circomlib-ml/circuits/ArgMax.circom,1,0,3,0,0,1,0
./circomlib-ml/circuits/SumPooling2D.circom,1,0,1,0,0,0,0
./circomlib-ml/circuits/circomlib-matrix/matElemMul.circom,1,0,0,0,0,0,0
./circomlib-ml/circuits/circomlib-matrix/matMul.circom,1,0,2,0,0,0,0
./circomlib-ml/circuits/circomlib-matrix/matElemSum.circom,1,0,1,0,0,0,0
./circomlib-ml/circuits/crypto/encrypt.circom,4,0,4,0,0,0,0
./circomlib-ml/circuits/crypto/publickey_derivation.circom,1,0,2,0,0,0,0
./circomlib-ml/circuits/crypto/ecdh.circom,1,0,1,0,0,0,0
./circomlib-ml/circuits/Flatten2D.circom,1,0,1,0,0,0,0
./circomlib-ml/circuits/ReLU.circom,1,0,0,0,0,0,0
./circomlib-ml/circuits/Zanh.circom,1,0,2,0,0,0,0
./circomlib-ml/circuits/Conv2D.circom,1,0,4,0,0,0,0
./circomlib-ml/circuits/MaxPooling2Dsame.circom,1,0,20,0,0,0,0
./circomlib-ml/circuits/AveragePooling2D.circom,1,0,0,0,0,0,0
./circomlib-ml/circuits/GlobalSumPooling2D.circom,1,0,1,0,0,0,0
./circomlib-ml/circuits/util.circom,5,0,5,0,0,1,0
./circomlib-ml/circuits/PointwiseConv2D.circom,1,0,2,0,0,0,0
./circomlib-ml/circuits/BatchNormalization2D.circom,1,0,4,0,0,0,0
./circomlib-ml/circuits/Reshape2D.circom,1,0,0,0,0,0,0
./circomlib-ml/circuits/MaxPooling2D.circom,1,0,1,0,0,0,0
./circomlib-ml/circuits/GlobalMaxPooling2D.circom,1,0,1,0,0,0,0
./circomlib-ml/circuits/DepthwiseConv2D.circom,1,0,6,0,0,0,0
./circomlib-ml/circuits/UpSampling2D.circom,1,0,4,0,0,0,0
./circomlib-ml/circuits/LeakyReLU.circom,1,0,0,0,0,0,0
./circomlib-ml/circuits/Dense.circom,1,0,2,0,0,0,0
./circomlib-ml/circuits/ZeLU.circom,1,0,2,0,0,0,0
./circomlib-ml/circuits/GlobalAveragePooling2D.circom,1,0,0,0,0,0,0
./circomlib-ml/circuits/Conv1D.circom,1,0,4,0,0,0,0
./circomlib-ml/test/circuits/Reshape2D_test.circom,0,0,0,0,0,0,0
./circomlib-ml/test/circuits/DepthwiseConv2D_test.circom,0,0,0,0,0,0,0
./circomlib-ml/test/circuits/Dense_test.circom,0,0,0,0,0,0,0
./circomlib-ml/test/circuits/MaxPooling2Dsame_stride_test.circom,0,0,0,0,0,0,0
./circomlib-ml/test/circuits/AveragePooling2D_stride_test.circom,0,0,0,0,0,0,0
./circomlib-ml/test/circuits/Conv1D_test.circom,0,0,0,0,0,0,0
./circomlib-ml/test/circuits/SumPooling2D_stride_test.circom,0,0,0,0,0,0,0
./circomlib-ml/test/circuits/LeakyReLU_test.circom,1,0,1,0,0,0,0
./circomlib-ml/test/circuits/model1_test.circom,1,0,1,0,0,0,0
./circomlib-ml/test/circuits/ecdh_test.circom,0,0,0,0,0,0,0
./circomlib-ml/test/circuits/Conv2Dsame_test.circom,0,0,0,0,0,0,0
./circomlib-ml/test/circuits/SeparableConv2D_test.circom,0,0,0,0,0,0,0
./circomlib-ml/test/circuits/encrypt_test.circom,0,0,0,0,0,0,0
./circomlib-ml/test/circuits/Conv2D_test.circom,0,0,0,0,0,0,0
./circomlib-ml/test/circuits/Max_test.circom,0,0,0,0,0,0,0
./circomlib-ml/test/circuits/decrypt_test.circom,0,0,0,0,0,0,0
./circomlib-ml/test/circuits/encrypted_mnist_latest_test.circom,1,0,3,0,0,0,0
./circomlib-ml/test/circuits/MaxPooling2D_test.circom,0,0,0,0,0,0,0
./circomlib-ml/test/circuits/AveragePooling2D_test.circom,0,0,0,0,0,0,0
./circomlib-ml/test/circuits/decryptMultiple_test.circom,0,0,0,0,0,0,0
./circomlib-ml/test/circuits/GlobalAveragePooling2D_test.circom,0,0,0,0,0,0,0
./circomlib-ml/test/circuits/IsNegative_test.circom,0,0,0,0,0,0,0
./circomlib-ml/test/circuits/UpSampling2D_test.circom,0,0,0,0,0,0,0
./circomlib-ml/test/circuits/SumPooling2D_test.circom,0,0,0,0,0,0,0
./circomlib-ml/test/circuits/Conv2Dsame_stride_test.circom,0,0,0,0,0,0,0
./circomlib-ml/test/circuits/encryptDecrypt_test.circom,1,0,0,0,0,0,0
./circomlib-ml/test/circuits/MaxPooling2D_stride_test.circom,0,0,0,0,0,0,0
./circomlib-ml/test/circuits/BatchNormalization_test.circom,0,0,0,0,0,0,0
./circomlib-ml/test/circuits/MaxPooling2Dsame_test.circom,0,0,0,0,0,0,0
./circomlib-ml/test/circuits/Flatten2D_test.circom,0,0,0,0,0,0,0
./circomlib-ml/test/circuits/mnist_test.circom,1,0,2,0,0,0,0
./circomlib-ml/test/circuits/PointwiseConv2D_test.circom,0,0,0,0,0,0,0
./circomlib-ml/test/circuits/GlobalMaxPooling2D_test.circom,0,0,0,0,0,0,0
./circomlib-ml/test/circuits/Conv2D_stride_test.circom,0,0,0,0,0,0,0
./circomlib-ml/test/circuits/IsPositive_test.circom,0,0,0,0,0,0,0
./circomlib-ml/test/circuits/encryptMultiple_test.circom,0,0,0,0,0,0,0
./circomlib-ml/test/circuits/publicKey_test.circom,0,0,0,0,0,0,0
./circomlib-ml/test/circuits/ReLU_test.circom,1,0,1,0,0,0,0
./IC3-dec-id/circuits/eddsamimc.circom,1,0,4,0,0,0,0
./IC3-dec-id/circuits/babyjub.circom,4,2,5,0,0,0,0
./IC3-dec-id/circuits/eddsaposeidon.circom,1,0,2,0,0,0,0
./IC3-dec-id/circuits/voting_check.circom,1,1,0,0,0,0,0
./IC3-dec-id/circuits/mux1.circom,2,0,0,0,0,0,0
./IC3-dec-id/circuits/poseidon.circom,7,0,25,0,0,0,0
./IC3-dec-id/circuits/escalarmulw4table.circom,0,0,11,0,0,0,0
./IC3-dec-id/circuits/eddsa.circom,1,0,2,0,0,0,0
./IC3-dec-id/circuits/aliascheck.circom,1,0,0,0,0,0,0
./IC3-dec-id/circuits/pedersen.circom,3,0,12,0,0,0,0
./IC3-dec-id/circuits/pointbits.circom,4,1,19,0,0,0,0
./IC3-dec-id/circuits/montgomery.circom,4,6,22,0,0,0,0
./IC3-dec-id/circuits/compconstant.circom,1,0,9,0,0,0,0
./IC3-dec-id/circuits/mux3.circom,2,0,0,0,0,0,0
./IC3-dec-id/circuits/mux2.circom,2,0,0,0,0,0,0
./IC3-dec-id/circuits/switcher.circom,1,0,2,0,0,0,0
./IC3-dec-id/circuits/gates.circom,7,0,6,0,0,0,0
./IC3-dec-id/circuits/poseidon_constants.circom,0,0,0,0,0,0,0
./IC3-dec-id/circuits/bitify.circom,5,2,8,0,0,0,0
./IC3-dec-id/circuits/sha256/sha256compression.circom,1,1,7,0,0,0,0
./IC3-dec-id/circuits/sha256/xor3.circom,1,0,5,0,0,0,0
./IC3-dec-id/circuits/sha256/main.circom,1,0,0,0,0,0,0
./IC3-dec-id/circuits/sha256/shift.circom,1,0,0,0,0,0,0
./IC3-dec-id/circuits/sha256/sha256_2.circom,1,0,2,0,0,0,0
./IC3-dec-id/circuits/sha256/t2.circom,1,0,0,0,0,0,0
./IC3-dec-id/circuits/sha256/t1.circom,1,0,0,0,0,0,0
./IC3-dec-id/circuits/sha256/ch.circom,1,0,2,0,0,0,0
./IC3-dec-id/circuits/sha256/rotate.circom,1,0,0,0,0,0,0
./IC3-dec-id/circuits/sha256/constants.circom,2,0,0,0,0,0,0
./IC3-dec-id/circuits/sha256/sigma.circom,2,0,0,0,0,0,0
./IC3-dec-id/circuits/sha256/sha256compression_function.circom,0,0,14,0,0,0,0
./IC3-dec-id/circuits/sha256/sha256.circom,1,0,1,0,0,0,0
./IC3-dec-id/circuits/sha256/maj.circom,1,0,5,0,0,0,0
./IC3-dec-id/circuits/sha256/sigmaplus.circom,1,0,0,0,0,0,0
./IC3-dec-id/circuits/pedersen_old.circom,1,0,4,0,0,0,0
./IC3-dec-id/circuits/poseidon_old.circom,4,0,13,0,0,0,0
./IC3-dec-id/circuits/binsub.circom,1,2,6,0,0,0,0
./IC3-dec-id/circuits/comparators.circom,8,1,3,5,1,1,1
./IC3-dec-id/circuits/escalarmul.circom,2,0,4,0,0,0,0
./IC3-dec-id/circuits/binsum.circom,1,1,9,0,0,0,0
./IC3-dec-id/circuits/mux4.circom,2,0,0,0,0,0,0
./IC3-dec-id/circuits/poseidon_constants_old.circom,0,0,0,0,0,0,0
./IC3-dec-id/circuits/mimcsponge.circom,2,0,7,0,0,0,0
./IC3-dec-id/circuits/multiplexer.circom,3,2,3,0,0,0,0
./IC3-dec-id/circuits/mimc.circom,2,0,2,0,0,0,0
./IC3-dec-id/circuits/smt/smtverifierlevel.circom,1,0,0,0,0,0,0
./IC3-dec-id/circuits/smt/smthash_mimc.circom,2,0,2,0,0,0,0
./IC3-dec-id/circuits/smt/smtprocessorlevel.circom,1,0,0,0,0,0,0
./IC3-dec-id/circuits/smt/smtprocessor.circom,1,0,3,0,0,0,0
./IC3-dec-id/circuits/smt/smtverifier.circom,1,0,2,0,0,0,0
./IC3-dec-id/circuits/smt/smtprocessorsm.circom,1,0,14,0,0,0,0
./IC3-dec-id/circuits/smt/smtlevins.circom,1,0,1,0,0,0,0
./IC3-dec-id/circuits/smt/smthash_poseidon.circom,2,0,2,0,0,0,0
./IC3-dec-id/circuits/smt/smtverifiersm.circom,1,0,8,0,0,0,0
./IC3-dec-id/circuits/mimc_test.circom,1,0,0,0,0,0,0
./IC3-dec-id/circuits/mimc_commitment.circom,1,1,0,0,0,0,0
./IC3-dec-id/circuits/escalarmulany.circom,4,0,9,0,0,0,0
./IC3-dec-id/circuits/escalarmulfix.circom,3,0,12,0,0,0,0
./IC3-dec-id/circuits/eddsamimcsponge.circom,1,0,2,0,0,0,0
./IC3-dec-id/circuits/sign.circom,1,0,0,0,0,0,0
./circom-embassy/circuits/rsa/fp.circom,5,2,19,2,0,0,0
./circom-embassy/circuits/rsa/rsa.circom,3,0,32,5,0,0,0
./circom-embassy/circuits/rsa/bigint_func.circom,0,0,117,0,0,0,0
./circom-embassy/circuits/rsa/bigint.circom,20,20,68,5,0,0,0
./circom-embassy/circuits/sha256Bytes.circom,1,0,5,0,0,0,0
./circom-embassy/circuits/passport.circom,1,0,16,0,0,0,0
